SET foreign_key_checks = 0;

TRUNCATE cidade;
TRUNCATE cozinha;
TRUNCATE estado;
TRUNCATE forma_pagamento;
TRUNCATE grupo;
TRUNCATE grupo_permissao;
TRUNCATE permissao;
TRUNCATE produto;
TRUNCATE restaurante;
TRUNCATE restaurante_forma_pagamento;
TRUNCATE usuario;
TRUNCATE usuario_grupo;
TRUNCATE restaurante_usuario_responsavel;
TRUNCATE pedido;
TRUNCATE item_pedido;

alter table pedido auto_increment = 1;
alter table item_pedido auto_increment = 1;

SET foreign_key_checks = 1;

insert into cozinha (id, nome) values (1, 'Tailandesa');
insert into cozinha (id, nome) values (2, 'Indiana');
insert into cozinha (id, nome) values (3, 'Argentina');
insert into cozinha (id, nome) values (4, 'Brasileira');

insert into estado (id, nome) values (1, 'Minas Gerais');
insert into estado (id, nome) values (2, 'São Paulo');
insert into estado (id, nome) values (3, 'Ceará');

insert into cidade (id, nome, estado_id) values (1, 'Uberlândia', 1);
insert into cidade (id, nome, estado_id) values (2, 'Belo Horizonte', 1);
insert into cidade (id, nome, estado_id) values (3, 'São Paulo', 2);
insert into cidade (id, nome, estado_id) values (4, 'Campinas', 2);
insert into cidade (id, nome, estado_id) values (5, 'Fortaleza', 3);

insert into grupo (id, nome) values (1, 'Gerente'), (2, 'Vendedor'), (3, 'Secretária'), (4, 'Cadastrador');

insert into restaurante (id, nome, taxa_frete, cozinha_id, data_cadastro, data_atualizacao, ativo, aberto, endereco_cidade_id, endereco_cep, endereco_logradouro, endereco_numero, endereco_bairro) values (1, 'Thai Gourmet', 10, 1, utc_timestamp, utc_timestamp, true, false, 1, '38400-999', 'Rua João Pinheiro', '1000', 'Centro');
insert into restaurante (id, nome, taxa_frete, cozinha_id, data_cadastro, data_atualizacao, ativo, aberto) values (2, 'Thai Delivery', 9.50, 1, utc_timestamp, utc_timestamp, true, false);
insert into restaurante (id, nome, taxa_frete, cozinha_id, data_cadastro, data_atualizacao, ativo, aberto) values (3, 'Tuk Tuk Comida Indiana', 15, 2, utc_timestamp, utc_timestamp, true, false);
insert into restaurante (id, nome, taxa_frete, cozinha_id, data_cadastro, data_atualizacao, ativo, aberto) values (4, 'Java Steakhouse', 12, 3, utc_timestamp, utc_timestamp, true, false);
insert into restaurante (id, nome, taxa_frete, cozinha_id, data_cadastro, data_atualizacao, ativo, aberto) values (5, 'Lanchonete do Tio Sam', 11, 4, utc_timestamp, utc_timestamp, true, false);
insert into restaurante (id, nome, taxa_frete, cozinha_id, data_cadastro, data_atualizacao, ativo, aberto) values (6, 'Bar da Maria', 6, 4, utc_timestamp, utc_timestamp, true, false);

insert into forma_pagamento (id, descricao, data_atualizacao) values (1, 'Cartão de crédito', utc_timestamp);
insert into forma_pagamento (id, descricao, data_atualizacao) values (2, 'Cartão de débito', utc_timestamp);
insert into forma_pagamento (id, descricao, data_atualizacao) values (3, 'Dinheiro', utc_timestamp);

insert into permissao (id, nome, descricao) values (1, 'CONSULTAR_COZINHAS', 'Permite consultar cozinhas');
insert into permissao (id, nome, descricao) values (2, 'EDITAR_COZINHAS', 'Permite editar cozinhas');
insert into permissao (id, nome, descricao) values (3, 'CONSULTAR_FORMAS_PAGAMENTO', 'Permite consultar formas de pagamento');
insert into permissao (id, nome, descricao) values (4, 'EDITAR_FORMAS_PAGAMENTO', 'Permite criar ou editar formas de pagamento');
insert into permissao (id, nome, descricao) values (5, 'CONSULTAR_CIDADES', 'Permite consultar cidades');
insert into permissao (id, nome, descricao) values (6, 'EDITAR_CIDADES', 'Permite criar ou editar cidades');
insert into permissao (id, nome, descricao) values (7, 'CONSULTAR_ESTADOS', 'Permite consultar estados');
insert into permissao (id, nome, descricao) values (8, 'EDITAR_ESTADOS', 'Permite criar ou editar estados');
insert into permissao (id, nome, descricao) values (9, 'CONSULTAR_USUARIOS', 'Permite consultar usuários');
insert into permissao (id, nome, descricao) values (10, 'EDITAR_USUARIOS', 'Permite criar ou editar usuários');
insert into permissao (id, nome, descricao) values (11, 'CONSULTAR_RESTAURANTES', 'Permite consultar restaurantes');
insert into permissao (id, nome, descricao) values (12, 'EDITAR_RESTAURANTES', 'Permite criar, editar ou gerenciar restaurantes');
insert into permissao (id, nome, descricao) values (13, 'CONSULTAR_PRODUTOS', 'Permite consultar produtos');
insert into permissao (id, nome, descricao) values (14, 'EDITAR_PRODUTOS', 'Permite criar ou editar produtos');
insert into permissao (id, nome, descricao) values (15, 'CONSULTAR_PEDIDOS', 'Permite consultar pedidos');
insert into permissao (id, nome, descricao) values (16, 'GERENCIAR_PEDIDOS', 'Permite gerenciar pedidos');
insert into permissao (id, nome, descricao) values (17, 'GERAR_RELATORIOS', 'Permite gerar relatórios');

# Adiciona todas as permissoes no grupo do gerente
insert into grupo_permissao (grupo_id, permissao_id)
select 1, id from permissao;

# Adiciona permissoes no grupo do vendedor
insert into grupo_permissao (grupo_id, permissao_id)
select 2, id from permissao where nome like 'CONSULTAR_%';

insert into grupo_permissao (grupo_id, permissao_id) values (2, 14);

# Adiciona permissoes no grupo do auxiliar
insert into grupo_permissao (grupo_id, permissao_id)
select 3, id from permissao where nome like 'CONSULTAR_%';

# Adiciona permissoes no grupo cadastrador
insert into grupo_permissao (grupo_id, permissao_id)
select 4, id from permissao where nome like '%_RESTAURANTES' or nome like '%_PRODUTOS';

insert into usuario (id, nome, email, senha, data_cadastro) values
(1, 'João da Silva', 'joao.ger@algafood.com.br', '$2y$12$NSsM4gEOR7MKogflKR7GMeYugkttjNhAJMvFdHrBLaLp2HzlggP5W', utc_timestamp),
(2, 'Maria Joaquina', 'maria.vnd@algafood.com.br', '$2y$12$NSsM4gEOR7MKogflKR7GMeYugkttjNhAJMvFdHrBLaLp2HzlggP5W', utc_timestamp),
(3, 'José Souza', 'jose.aux@algafood.com.br', '$2y$12$NSsM4gEOR7MKogflKR7GMeYugkttjNhAJMvFdHrBLaLp2HzlggP5W', utc_timestamp),
(4, 'Sebastião Martins', 'sebastiao.cad@algafood.com.br', '$2y$12$NSsM4gEOR7MKogflKR7GMeYugkttjNhAJMvFdHrBLaLp2HzlggP5W', utc_timestamp),
(5, 'Manoel Lima', 'manoel.loja@gmail.com', '$2y$12$NSsM4gEOR7MKogflKR7GMeYugkttjNhAJMvFdHrBLaLp2HzlggP5W', utc_timestamp),
(6, 'Débora Mendonça', 'email.teste.aw+debora@gmail.com', '$2y$12$NSsM4gEOR7MKogflKR7GMeYugkttjNhAJMvFdHrBLaLp2HzlggP5W', utc_timestamp),
(7, 'Carlos Lima', 'email.teste.aw+carlos@gmail.com', '$2y$12$NSsM4gEOR7MKogflKR7GMeYugkttjNhAJMvFdHrBLaLp2HzlggP5W', utc_timestamp);


insert into restaurante_forma_pagamento (restaurante_id, forma_pagamento_id) values (1, 1), (1, 2), (1, 3), (2, 3), (3, 2), (3, 3), (4, 1), (4, 2), (5, 1), (5, 2), (6, 3);

insert into produto (nome, descricao, preco, ativo, restaurante_id) values ('Porco com molho agridoce', 'Deliciosa carne suína ao molho especial', 78.90, 0, 1);
insert into produto (nome, descricao, preco, ativo, restaurante_id) values ('Camarão tailandês', '16 camarões grandes ao molho picante', 110, 1, 1);

insert into produto (nome, descricao, preco, ativo, restaurante_id) values ('Salada picante com carne grelhada', 'Salada de folhas com cortes finos de carne bovina grelhada e nosso molho especial de pimenta vermelha', 87.20, 1, 2);

insert into produto (nome, descricao, preco, ativo, restaurante_id) values ('Garlic Naan', 'Pão tradicional indiano com cobertura de alho', 21, 1, 3);
insert into produto (nome, descricao, preco, ativo, restaurante_id) values ('Murg Curry', 'Cubos de frango preparados com molho curry e especiarias', 43, 1, 3);

insert into produto (nome, descricao, preco, ativo, restaurante_id) values ('Bife Ancho', 'Corte macio e suculento, com dois dedos de espessura, retirado da parte dianteira do contrafilé', 79, 1, 4);
insert into produto (nome, descricao, preco, ativo, restaurante_id) values ('T-Bone', 'Corte muito saboroso, com um osso em formato de T, sendo de um lado o contrafilé e do outro o filé mignon', 89, 1, 4);

insert into produto (nome, descricao, preco, ativo, restaurante_id) values ('Sanduíche X-Tudo', 'Sandubão com muito queijo, hamburger bovino, bacon, ovo, salada e maionese', 19, 1, 5);

insert into produto (nome, descricao, preco, ativo, restaurante_id) values ('Espetinho de Cupim', 'Acompanha farinha, mandioca e vinagrete', 8, 1, 6);

insert into usuario_grupo (usuario_id, grupo_id) values (1, 1), (1, 2), (2, 2), (3, 3), (4, 4);

insert into restaurante_usuario_responsavel (restaurante_id, usuario_id) values (1, 1), (3, 1);

delete from pedido;
delete from item_pedido;

insert into pedido (id, codigo, restaurante_id, usuario_cliente_id, forma_pagamento_id, endereco_cidade_id, endereco_cep, 
    endereco_logradouro, endereco_numero, endereco_complemento, endereco_bairro,
    status, data_criacao, subtotal, taxa_frete, valor_total)
values (1, '7dce64b1-f916-4a97-bd9b-21ff298f81ec', 1, 1, 1, 1, '38400-000', 'Rua Floriano Peixoto', '500', 'Apto 801', 'Brasil',
'CRIADO', utc_timestamp, 298.90, 10, 308.90);

insert into item_pedido (id, pedido_id, produto_id, quantidade, preco_unitario, preco_total, observacao)
values (1, 1, 1, 1, 78.9, 78.9, "");

insert into item_pedido (id, pedido_id, produto_id, quantidade, preco_unitario, preco_total, observacao)
values (2, 1, 2, 2, 110, 220, 'Menos picante, por favor');


insert into pedido (id, codigo, restaurante_id, usuario_cliente_id, forma_pagamento_id, endereco_cidade_id, endereco_cep, 
        endereco_logradouro, endereco_numero, endereco_complemento, endereco_bairro,
        status, data_criacao, subtotal, taxa_frete, valor_total)
values (2, '67a3178e-a287-474e-a6ac-96c9d3c2e70f', 4, 2, 2, 1, '38400-111', 'Rua Acre', '300', 'Casa 2', 'Centro',
'CRIADO', utc_timestamp, 79, 0, 79);

insert into item_pedido (id, pedido_id, produto_id, quantidade, preco_unitario, preco_total, observacao)
values (3, 2, 6, 1, 79, 79, 'Ao ponto');